model,set,clips,wer,rtfx,avg_latency_s,p90_latency_s,load_s,peak_vram_mb
whisper-large-v3-turbo-greedy,fleurs-es,40,3.87,12.0,0.981,1.06,4.9,1032
whisper-large-v3-turbo-greedy,fleurs-en,40,3.58,9.1,0.929,0.987,4.9,1032
whisper-large-v3-turbo-greedy,mine,10,5.79,5.1,0.87,0.896,4.9,1032
whisper-medium,fleurs-es,40,3.98,9.3,1.273,1.629,15.5,1032
whisper-medium,fleurs-en,40,4.07,7.8,1.089,1.3,15.5,1032
whisper-medium,mine,10,5.79,4.0,1.109,1.244,15.5,1032
whisper-small,fleurs-es,40,7.02,14.6,0.806,1.059,2.6,392
whisper-small,fleurs-en,40,4.93,13.9,0.613,0.743,2.6,392
whisper-small,mine,10,6.61,9.1,0.493,0.571,2.6,392
parakeet-tdt-0.6b-v3,fleurs-es,40,3.77,59.0,0.2,0.252,7.0,3615
parakeet-tdt-0.6b-v3,fleurs-en,40,3.95,46.8,0.181,0.218,7.0,3615
parakeet-tdt-0.6b-v3,fleurs-de,40,4.07,60.5,0.211,0.269,7.0,3615
parakeet-tdt-0.6b-v3,mine,10,4.13,23.6,0.19,0.259,7.0,3615
whisper-large-v3-turbo,fleurs-es,40,3.66,12.2,0.968,1.082,6.3,1040
whisper-large-v3-turbo,fleurs-en,40,3.58,9.7,0.878,0.951,6.3,1040
whisper-large-v3-turbo,fleurs-de,40,3.59,13.6,0.942,1.034,6.3,1040
whisper-large-v3-turbo,mine,10,4.96,5.5,0.82,0.832,6.3,1040
canary-1b-v2,fleurs-es,40,3.04,16.1,0.732,0.988,8.9,5858
canary-1b-v2,fleurs-en,40,4.32,13.1,0.649,1.256,8.9,5858
canary-1b-v2,fleurs-de,40,3.95,14.2,0.897,1.53,8.9,5858
canary-1b-v2,mine,10,4.13,12.2,0.366,0.408,8.9,5858
whisper-large-v3,fleurs-es,40,3.14,7.2,1.63,1.983,11.0,1962
whisper-large-v3,fleurs-en,40,2.96,5.4,1.569,1.851,11.0,1962
whisper-large-v3,fleurs-de,40,3.23,4.3,2.985,4.764,11.0,1962
whisper-large-v3,mine,10,4.13,2.4,1.878,2.061,11.0,1962
